{"Version":2,"SourceFileDate":132613022960000000,"Flags":["FL_BITMAP_COMPRESSION","FL_BITMAP_MIPMAP","FL_BITMAP_QUALITY_HIGH","FL_BITMAP_PRECOMPUTED_INV_AVG"],"InvAvgColor":[4.2167601585388184,7.1329946517944336,10.874568939208984]}